name,artist,album,genre,duration
Dreamscape,Midnight Ensemble,Echo Chamber,Blues,4:27
Rhythm of Life,The Echoes,Silent Sounds,Blues,5:16
Endless Journey,Eclipse Band,Galactic Rhythms,Indie,2:22
Whispers of the Wind,The Echoes,Infinite Loop,Pop,2:24
Starlight Symphony,The Echoes,Electric Pulse,Indie,3:07
Echoes of Time,The Drifters,Galactic Rhythms,Rock,4:54
Lost in Thoughts,Stellar Duo,Electric Pulse,Synthwave,2:27
Golden Hour,The Harmonics,Beyond Boundaries,Pop,5:06
Serenity Waves,The Drifters,Nocturnal Notes,Pop,5:02
Electric Pulse,Eclipse Band,Serenity Waves,Rock,5:20
Fire & Ice,Neon Horizons,Serenity Waves,Jazz,5:58
Shadow Dance,Eclipse Band,Silent Sounds,Synthwave,2:26
Aurora Borealis,The Drifters,Mystic Melodies,Ambient,2:57
Neon Nights,Astral Notes,Infinite Loop,Electronic,4:22
Silent Reverie,Synthwave Collective,Silent Sounds,Indie,4:22
Beyond the Horizon,The Drifters,Mystic Melodies,Synthwave,3:19
Mystic River,The Harmonics,Galactic Rhythms,Synthwave,4:02
Ocean's Call,The Harmonics,Beyond Boundaries,Rock,4:51
Frozen Dreams,The Echoes,Silent Sounds,Folk,4:12
Sunset Glow,Astral Notes,Mystic Melodies,Electronic,2:33
Galactic Odyssey,Neon Horizons,Infinite Loop,Indie,5:28
Crimson Moon,Eclipse Band,Beyond Boundaries,Pop,5:41
Velvet Skies,The Harmonics,Nocturnal Notes,Pop,2:51
Midnight Mirage,Luna Sound,Nocturnal Notes,Folk,4:56
Celestial Harmony,Synthwave Collective,Nocturnal Notes,Electronic,4:00
Emerald Sea,Midnight Ensemble,Nocturnal Notes,Folk,4:36
Sapphire Flame,Stellar Duo,Electric Pulse,Pop,4:49
Radiant Stars,Eclipse Band,Serenity Waves,Synthwave,4:35
Infinite Echo,The Echoes,Silent Sounds,Classical,5:45
Arcane Melody,Eclipse Band,Galactic Rhythms,Electronic,2:10
Falling Stars,Synthwave Collective,Nocturnal Notes,Jazz,5:59
Nocturnal Bliss,The Drifters,Harmonic Dissonance,Pop,4:13
Parallel Worlds,Synthwave Collective,Nocturnal Notes,Ambient,4:16
Aurora Lights,Astral Notes,Beyond Boundaries,Folk,2:11
Fleeting Moments,The Harmonics,Silent Sounds,Electronic,2:04
Galactic Drift,The Harmonics,Echo Chamber,Electronic,3:36
Ethereal Voice,The Drifters,Harmonic Dissonance,Folk,2:53
Whispering Waves,Luna Sound,Galactic Rhythms,Electronic,4:03
Celestial Tide,Midnight Ensemble,Echo Chamber,Indie,2:26
Blazing Sun,Luna Sound,Electric Pulse,Synthwave,3:33
Dreamcatcher,Eclipse Band,Silent Sounds,Pop,5:29
Obsidian Heart,Neon Horizons,Nocturnal Notes,Ambient,3:33
Solar Flare,Eclipse Band,Silent Sounds,Ambient,5:10
Twilight Shadows,Neon Horizons,Infinite Loop,Jazz,3:30
Echoing Silence,Eclipse Band,Beyond Boundaries,Blues,3:52
Horizon Chase,The Echoes,Echo Chamber,Rock,3:02
Shimmering Sands,The Drifters,Beyond Boundaries,Jazz,3:19
Ephemeral Dawn,The Echoes,Harmonic Dissonance,Rock,2:56
Mystic Moon,Neon Horizons,Echo Chamber,Synthwave,4:13
Lunar Veil,Neon Horizons,Harmonic Dissonance,Synthwave,2:01
